category|merchant_name
gas_transport|fraud_Tillman, Dickinson and Labadie
gas_transport|fraud_Kuvalis Ltd
gas_transport|fraud_Robel, Cummerata and Prosacco
gas_transport|fraud_Bernhard Inc
gas_transport|fraud_Kling Inc
gas_transport|fraud_Rodriguez Group
gas_transport|fraud_Brekke and Sons
gas_transport|fraud_Raynor, Reinger and Hagenes
gas_transport|fraud_Erdman-Kertzmann
gas_transport|fraud_Bartoletti-Wunsch
gas_transport|fraud_Schaefer, Maggio and Daugherty
gas_transport|fraud_Streich, Hansen and Veum
gas_transport|fraud_Friesen-D'Amore
gas_transport|fraud_Parisian and Sons
gas_transport|fraud_Schaefer, McGlynn and Bosco
gas_transport|fraud_Reilly, Heaney and Cole
gas_transport|fraud_Bins-Rice
gas_transport|fraud_Prohaska-Murray
gas_transport|fraud_Kutch LLC
gas_transport|fraud_Corwin-Collins
gas_transport|fraud_Sporer Inc
gas_transport|fraud_Heller-Langosh
gas_transport|fraud_Torp-Labadie
gas_transport|fraud_Eichmann, Bogan and Rodriguez
gas_transport|fraud_Stroman, Hudson and Erdman
gas_transport|fraud_Cummings LLC
gas_transport|fraud_Greenholt, Jacobi and Gleason
gas_transport|fraud_Mraz-Herzog
gas_transport|fraud_Olson, Becker and Koch
gas_transport|fraud_Raynor, Feest and Miller
gas_transport|fraud_Ledner-Pfannerstill
gas_transport|fraud_Cummerata-Jones
gas_transport|fraud_Emard Inc
gas_transport|fraud_Luettgen PLC
gas_transport|fraud_Huels-Nolan
gas_transport|fraud_Zieme, Bode and Dooley
gas_transport|fraud_Conroy-Cruickshank
gas_transport|fraud_Harber Inc
gas_transport|fraud_Koss and Sons
gas_transport|fraud_Kutch, Hermiston and Farrell
gas_transport|fraud_Huels-Hahn
gas_transport|fraud_Harris Inc
gas_transport|fraud_Connelly, Reichert and Fritsch
gas_transport|fraud_Lind, Huel and McClure
gas_transport|fraud_Schmitt Inc
gas_transport|fraud_Marks Inc
gas_transport|fraud_Berge LLC
gas_transport|fraud_Christiansen, Goyette and Schamberger
gas_transport|fraud_Friesen-Stamm
gas_transport|fraud_Jenkins, Hauck and Friesen
grocery_net|fraud_Hills-Olson
grocery_net|fraud_VonRueden Group
grocery_net|fraud_Murray Ltd
grocery_net|fraud_Bernier, Streich and Jewess
grocery_net|fraud_Kohler, Lindgren and Koelpin
grocery_net|fraud_Harris, Gusikowski and Heaney
grocery_net|fraud_Wiegand-Lowe
grocery_net|fraud_Ortiz Group
grocery_net|fraud_Paucek-Wiza
grocery_net|fraud_Roob LLC
grocery_net|fraud_Bahringer-Larson
grocery_net|fraud_McCullough Group
grocery_net|fraud_Shields Inc
grocery_net|fraud_Swaniawski, Bahringer and Ledner
grocery_net|fraud_Collier Inc
grocery_net|fraud_Adams, Kovacek and Kuhlman
grocery_net|fraud_Dach-Borer
grocery_net|fraud_Cassin-Harvey
grocery_net|fraud_Hintz-Bruen
grocery_net|fraud_Johnston, Nikolaus and Maggio
grocery_net|fraud_Smitham-Boehm
grocery_net|fraud_Kutch-Hegmann
grocery_net|fraud_Spinka-Welch
grocery_net|fraud_Wuckert-Walter
grocery_net|fraud_Towne, Walker and Borer
grocery_net|fraud_Spinka Inc
grocery_net|fraud_Kutch Group
grocery_net|fraud_Rutherford, Homenick and Bergstrom
grocery_net|fraud_Cummings Group
grocery_net|fraud_Pfeffer LLC
grocery_net|fraud_Runolfsson and Sons
grocery_net|fraud_Jaskolski-Dibbert
grocery_net|fraud_Rowe-Vandervort
grocery_net|fraud_Skiles-Ankunding
grocery_net|fraud_Trantow PLC
grocery_net|fraud_Emmerich-Luettgen
grocery_net|fraud_Rempel PLC
grocery_net|fraud_Smitham-Schiller
grocery_net|fraud_Ferry, Reichel and DuBuque
grocery_net|fraud_Kemmer-Reinger
grocery_net|fraud_Funk Group
grocery_net|fraud_Morar Inc
grocery_net|fraud_Gutmann Ltd
grocery_net|fraud_Dicki Ltd
grocery_net|fraud_Kling-Grant
grocery_net|fraud_Heller-Abshire
grocery_net|fraud_Stokes, Christiansen and Sipes
grocery_net|fraud_Swift, Bradtke and Marquardt
grocery_net|fraud_Tromp, Kerluke and Glover
grocery_net|fraud_Morissette, Weber and Wiegand
grocery_pos|fraud_Padberg-Welch
grocery_pos|fraud_Murray-Smitham
grocery_pos|fraud_Kuhic Inc
grocery_pos|fraud_Cartwright-Harris
grocery_pos|fraud_Kiehn-Emmerich
grocery_pos|fraud_Koepp-Parker
grocery_pos|fraud_Mosciski, Gislason and Mertz
grocery_pos|fraud_Auer-Mosciski
grocery_pos|fraud_Kovacek, Dibbert and Ondricka
grocery_pos|fraud_Lockman Ltd
grocery_pos|fraud_Rutherford-Mertz
grocery_pos|fraud_Goldner, Kovacek and Abbott
grocery_pos|fraud_Bailey-Morar
grocery_pos|fraud_Koepp-Witting
grocery_pos|fraud_Miller-Hauck
grocery_pos|fraud_Bradtke PLC
grocery_pos|fraud_Schoen, Kuphal and Nitzsche
grocery_pos|fraud_Stracke-Lemke
grocery_pos|fraud_Deckow-O'Conner
grocery_pos|fraud_Doyle Ltd
grocery_pos|fraud_Casper, Hand and Zulauf
grocery_pos|fraud_Wolf Inc
grocery_pos|fraud_Rau and Sons
grocery_pos|fraud_Kutch and Sons
grocery_pos|fraud_DuBuque LLC
grocery_pos|fraud_Bauch-Raynor
grocery_pos|fraud_Kunze Inc
grocery_pos|fraud_Kilback LLC
grocery_pos|fraud_Schultz, Simonis and Little
grocery_pos|fraud_O'Keefe-Hudson
grocery_pos|fraud_Hackett-Lueilwitz
grocery_pos|fraud_Barton Inc
grocery_pos|fraud_Goodwin-Nitzsche
grocery_pos|fraud_Kiehn Inc
grocery_pos|fraud_Schumm, Bauch and Ondricka
grocery_pos|fraud_Heidenreich PLC
grocery_pos|fraud_Hudson-Ratke
grocery_pos|fraud_Vandervort-Funk
grocery_pos|fraud_Schamberger-O'Keefe
grocery_pos|fraud_Huel, Hammes and Witting
grocery_pos|fraud_Rowe, Batz and Goodwin
grocery_pos|fraud_Cole PLC
grocery_pos|fraud_Heller, Gutmann and Zieme
grocery_pos|fraud_Moen, Reinger and Murphy
grocery_pos|fraud_Osinski, Ledner and Leuschke
grocery_pos|fraud_Bogisich Inc
grocery_pos|fraud_McDermott-Weimann
grocery_pos|fraud_Pacocha-O'Reilly
grocery_pos|fraud_Lockman, West and Runte
grocery_pos|fraud_Strosin-Cruickshank
pharmacy|fraud_Cormier-Bechtelar
pharmacy|fraud_O'Conner Ltd
pharmacy|fraud_Carter Group
pharmacy|fraud_Green-Pacocha
pharmacy|fraud_Ratke Group
pharmacy|fraud_Kozey Group
pharmacy|fraud_Jerde Inc
pharmacy|fraud_Lindgren-Langosh
pharmacy|fraud_Klein and Sons
pharmacy|fraud_Barton and Sons
pharmacy|fraud_Terry-Ratke
pharmacy|fraud_Stokes-Kemmer
pharmacy|fraud_Nitzsche Ltd
pharmacy|fraud_Leuschke-Heller
pharmacy|fraud_Stroman, Kilback and Schowalter
pharmacy|fraud_Rau, Yundt and Marks
pharmacy|fraud_Prohaska Group
pharmacy|fraud_Breitenberg, Mitchell and Hegmann
pharmacy|fraud_Cummings-Lubowitz
pharmacy|fraud_Heidenreich and Sons
pharmacy|fraud_Feest PLC
pharmacy|fraud_Abbott Group
pharmacy|fraud_Torphy-Walter
pharmacy|fraud_Johnston-Hansen
pharmacy|fraud_Homenick-Block
pharmacy|fraud_Ziemann-Cronin
pharmacy|fraud_Herman Ltd
pharmacy|fraud_Ebert PLC
pharmacy|fraud_Casper, Cole and Labadie
pharmacy|fraud_DuBuque, Treutel and Bogisich
pharmacy|fraud_Muller-Kertzmann
pharmacy|fraud_Medhurst-Roob
pharmacy|fraud_Rohan-Grant
pharmacy|fraud_Kuhic Inc
pharmacy|fraud_Kohler and Sons
pharmacy|fraud_Farrell Inc
pharmacy|fraud_Berge, Satterfield and Howe
pharmacy|fraud_Lebsack Inc
pharmacy|fraud_Little, Tillman and Will
pharmacy|fraud_Schowalter-Hilll
pharmacy|fraud_Ferry-White
pharmacy|fraud_Bartoletti Inc
pharmacy|fraud_Wuckert, Hahn and VonRueden
pharmacy|fraud_Dickinson, Daniel and Schmidt
pharmacy|fraud_Hammes Ltd
pharmacy|fraud_Quigley-Kutch
pharmacy|fraud_Hirthe LLC
pharmacy|fraud_Huels, Cole and Hand
pharmacy|fraud_Wintheiser PLC
pharmacy|fraud_Kozey, Conn and Hammes
misc_net|fraud_Lehner, Mosciski and King
misc_net|fraud_Hayes, Marquardt and Dibbert
misc_net|fraud_Kerluke Inc
misc_net|fraud_Nader-Heller
misc_net|fraud_Flatley-Durgan
misc_net|fraud_McGlynn-Heathcote
misc_net|fraud_Kerluke, Kertzmann and Wiza
misc_net|fraud_Kerluke PLC
misc_net|fraud_Donnelly PLC
misc_net|fraud_Durgan-Auer
misc_net|fraud_Kris-Weimann
misc_net|fraud_Koelpin and Sons
misc_net|fraud_Ruecker Group
misc_net|fraud_Corwin-Gorczany
misc_net|fraud_Dooley-Thompson
misc_net|fraud_Greenfelder, Bartoletti and Davis
misc_net|fraud_Brown PLC
misc_net|fraud_Tillman, Fritsch and Schmitt
misc_net|fraud_Volkman Ltd
misc_net|fraud_Dach-Nader
misc_net|fraud_Rippin, Kub and Mann
misc_net|fraud_Herman, Treutel and Dickens
misc_net|fraud_Jaskolski-Vandervort
misc_net|fraud_Huel-Langworth
misc_net|fraud_Kerluke, Considine and Macejkovic
misc_net|fraud_Johnson, Runolfsdottir and Mayer
misc_net|fraud_Bogisich-Homenick
misc_net|fraud_Stehr, Jewess and Schimmel
misc_net|fraud_Rohan, White and Aufderhar
misc_net|fraud_Kuphal-Predovic
misc_net|fraud_Bednar Group
misc_net|fraud_Welch Inc
misc_net|fraud_Jones, Sawayn and Romaguera
misc_net|fraud_Hamill-Daugherty
misc_net|fraud_Lebsack and Sons
misc_net|fraud_Schmitt Ltd
misc_net|fraud_Kunde-Sanford
misc_net|fraud_Mante Group
misc_net|fraud_Rodriguez, Yost and Jenkins
misc_net|fraud_Moore, Dibbert and Koepp
misc_net|fraud_Ferry, Lynch and Kautzer
misc_net|fraud_Block-Parisian
misc_net|fraud_Zemlak Group
misc_net|fraud_Miller-Harris
misc_net|fraud_Huel Ltd
misc_net|fraud_Kuhn LLC
misc_net|fraud_Kuphal-Bartoletti
misc_net|fraud_Parisian, Schiller and Altenwerth
misc_net|fraud_Klocko LLC
misc_net|fraud_Bernier, Volkman and Hoeger
misc_pos|fraud_Keeling-Crist
misc_pos|fraud_Wiza, Schaden and Stark
misc_pos|fraud_Boehm, Predovic and Reinger
misc_pos|fraud_Simonis-Prohaska
misc_pos|fraud_Flatley Group
misc_pos|fraud_Wisozk and Sons
misc_pos|fraud_Cremin, Hamill and Reichel
misc_pos|fraud_Block Group
misc_pos|fraud_Reynolds-Schinner
misc_pos|fraud_Haley Group
misc_pos|fraud_Christiansen-Gusikowski
misc_pos|fraud_Howe Ltd
misc_pos|fraud_Torp-Lemke
misc_pos|fraud_Maggio-Fahey
misc_pos|fraud_Boyer PLC
misc_pos|fraud_Lehner, Reichert and Mills
misc_pos|fraud_Yost, Block and Koepp
misc_pos|fraud_Turcotte-Halvorson
misc_pos|fraud_Towne LLC
misc_pos|fraud_Eichmann-Russel
misc_pos|fraud_Stiedemann Inc
misc_pos|fraud_Wintheiser, Dietrich and Schimmel
misc_pos|fraud_McDermott-Rice
misc_pos|fraud_Bruen-Yost
misc_pos|fraud_McCullough LLC
misc_pos|fraud_Gutmann-Upton
misc_pos|fraud_Kemmer-Buckridge
misc_pos|fraud_Herman Inc
misc_pos|fraud_Buckridge PLC
misc_pos|fraud_Terry, Johns and Bins
misc_pos|fraud_Balistreri-Nader
misc_pos|fraud_Roberts-Beahan
misc_pos|fraud_Dickinson Ltd
misc_pos|fraud_Spencer-Runolfsson
misc_pos|fraud_Hermann-Gaylord
misc_pos|fraud_Dickinson-Rempel
misc_pos|fraud_Smith-Stokes
misc_pos|fraud_Monahan, Bogisich and Ledner
misc_pos|fraud_Williamson LLC
misc_pos|fraud_Stamm-Rodriguez
misc_pos|fraud_Schmeler Inc
misc_pos|fraud_McGlynn-Jaskolski
misc_pos|fraud_Nienow, Ankunding and Collier
misc_pos|fraud_Herzog Ltd
misc_pos|fraud_Halvorson Group
misc_pos|fraud_Boehm, Block and Jakubowski
misc_pos|fraud_Turner, Ruecker and Parisian
misc_pos|fraud_Thiel PLC
misc_pos|fraud_Wiza LLC
misc_pos|fraud_Gislason Group
shopping_net|fraud_Cormier LLC
shopping_net|fraud_Reichert, Rowe and Mraz
shopping_net|fraud_Bashirian Group
shopping_net|fraud_Langworth, Boehm and Gulgowski
shopping_net|fraud_Greenholt, O'Hara and Balistreri
shopping_net|fraud_Kozey-Boehm
shopping_net|fraud_Boyer-Reichert
shopping_net|fraud_Heathcote LLC
shopping_net|fraud_Boyer PLC
shopping_net|fraud_Kerluke-Abshire
shopping_net|fraud_Gerlach Inc
shopping_net|fraud_Goyette Inc
shopping_net|fraud_Baumbach, Feeney and Morar
shopping_net|fraud_Gottlieb, Considine and Schultz
shopping_net|fraud_Kuhic, Bins and Pfeffer
shopping_net|fraud_Kassulke PLC
shopping_net|fraud_Reichert, Shanahan and Hayes
shopping_net|fraud_Stanton, Jakubowski and Baumbach
shopping_net|fraud_Jast Ltd
shopping_net|fraud_Schmidt and Sons
shopping_net|fraud_Kuhic LLC
shopping_net|fraud_Schmeler, Bashirian and Price
shopping_net|fraud_Ruecker, Beer and Collier
shopping_net|fraud_Heathcote, Yost and Kertzmann
shopping_net|fraud_Little, Gutmann and Lynch
shopping_net|fraud_Predovic Inc
shopping_net|fraud_Romaguera, Cruickshank and Greenholt
shopping_net|fraud_Hills-Witting
shopping_net|fraud_Fisher Inc
shopping_net|fraud_Mohr-Bayer
shopping_net|fraud_Lemke-Gutmann
shopping_net|fraud_Gleason-Macejkovic
shopping_net|fraud_Mosciski, Ziemann and Farrell
shopping_net|fraud_Schumm PLC
shopping_net|fraud_Zboncak, Rowe and Murazik
shopping_net|fraud_Fisher-Schowalter
shopping_net|fraud_Rempel Inc
shopping_net|fraud_Medhurst PLC
shopping_net|fraud_Kihn, Abernathy and Douglas
shopping_net|fraud_Stamm-Witting
shopping_net|fraud_Towne, Greenholt and Koepp
shopping_net|fraud_Volkman-Predovic
shopping_net|fraud_Altenwerth, Cartwright and Koss
shopping_net|fraud_Price Inc
shopping_net|fraud_Ankunding LLC
shopping_net|fraud_Terry-Huel
shopping_net|fraud_Streich, Dietrich and Barton
shopping_net|fraud_Labadie, Treutel and Bode
shopping_net|fraud_Auer-West
shopping_net|fraud_Reichert, Huels and Hoppe
shopping_pos|fraud_Roob, Conn and Tremblay
shopping_pos|fraud_Pfeffer and Sons
shopping_pos|fraud_Goyette, Howell and Collier
shopping_pos|fraud_Weimann, Kuhic and Beahan
shopping_pos|fraud_Stoltenberg-Beatty
shopping_pos|fraud_Watsica, Haag and Considine
shopping_pos|fraud_Swaniawski, Lowe and Robel
shopping_pos|fraud_Kris-Padberg
shopping_pos|fraud_Baumbach, Strosin and Nicolas
shopping_pos|fraud_Pacocha-Bauch
shopping_pos|fraud_Quitzon, Green and Bashirian
shopping_pos|fraud_Morissette PLC
shopping_pos|fraud_Willms, Kris and Bergnaum
shopping_pos|fraud_Lesch Ltd
shopping_pos|fraud_Macejkovic-Lesch
shopping_pos|fraud_Turner and Sons
shopping_pos|fraud_Lynch Ltd
shopping_pos|fraud_Hickle Group
shopping_pos|fraud_Barrows PLC
shopping_pos|fraud_Beier-Hyatt
shopping_pos|fraud_Haley, Jewess and Bechtelar
shopping_pos|fraud_Schuppe, Nolan and Hoeger
shopping_pos|fraud_Hermann and Sons
shopping_pos|fraud_Botsford Ltd
shopping_pos|fraud_Jast-McDermott
shopping_pos|fraud_Jacobi and Sons
shopping_pos|fraud_Mohr Inc
shopping_pos|fraud_Pagac LLC
shopping_pos|fraud_Sawayn PLC
shopping_pos|fraud_Pouros-Conroy
shopping_pos|fraud_Baumbach, Hodkiewicz and Walsh
shopping_pos|fraud_Hudson-Grady
shopping_pos|fraud_Bernhard, Grant and Langworth
shopping_pos|fraud_Mayert Group
shopping_pos|fraud_Conroy Ltd
shopping_pos|fraud_Metz-Boehm
shopping_pos|fraud_Douglas, Schneider and Turner
shopping_pos|fraud_Torphy-Goyette
shopping_pos|fraud_Friesen Inc
shopping_pos|fraud_Kihn Inc
shopping_pos|fraud_Kuhn LLC
shopping_pos|fraud_Nitzsche, Kessler and Wolff
shopping_pos|fraud_Pouros-Haag
shopping_pos|fraud_Dooley Inc
shopping_pos|fraud_Daugherty, Pouros and Beahan
shopping_pos|fraud_Bins, Balistreri and Beatty
shopping_pos|fraud_Bahringer, Schoen and Corkery
shopping_pos|fraud_Okuneva, Schneider and Rau
shopping_pos|fraud_Jewess LLC
shopping_pos|fraud_Denesik and Sons
utilities|fraud_Herman, Rice and Hamill
utilities|fraud_Romaguera Ltd
utilities|fraud_Von Ltd
utilities|fraud_Lebsack Ltd
utilities|fraud_Torphy LLC
utilities|fraud_Kulas-Veum
utilities|fraud_D'Amore-Kozey
utilities|fraud_Gottlieb-Mayer
utilities|fraud_Nienow, Murphy and Von
utilities|fraud_Hirthe and Sons
utilities|fraud_Trantow, Barrows and Lehner
utilities|fraud_Abshire PLC
utilities|fraud_Brekke PLC
utilities|fraud_Stanton PLC
utilities|fraud_McDermott PLC
utilities|fraud_Huel PLC
utilities|fraud_Bergnaum-Kling
utilities|fraud_Waters-Farrell
utilities|fraud_Littel, Dare and Wuckert
utilities|fraud_Barrows, Veum and Sanford
utilities|fraud_Blick, Schroeder and Nader
utilities|fraud_Rutherford-Bradtke
utilities|fraud_Kuphal-Schmidt
utilities|fraud_Vandervort, Crooks and Lockman
utilities|fraud_Weber LLC
utilities|fraud_Gislason-Hills
utilities|fraud_Pouros LLC
utilities|fraud_Homenick Group
utilities|fraud_Steuber-Kertzmann
utilities|fraud_Hegmann Inc
utilities|fraud_Ratke-Herman
utilities|fraud_Parisian and Sons
utilities|fraud_Renner Inc
utilities|fraud_Lang-Leuschke
utilities|fraud_Hackett LLC
utilities|fraud_Zieme Group
utilities|fraud_Murphy Group
utilities|fraud_Gutkowski, Muller and McCullough
utilities|fraud_Mohr PLC
utilities|fraud_Gerlach Inc
utilities|fraud_Cruickshank PLC
utilities|fraud_Schoen-Stark
utilities|fraud_Labadie LLC
utilities|fraud_Ledner-Skiles
utilities|fraud_Wolf, Marks and Kovacek
utilities|fraud_Donnelly, Funk and Kerluke
utilities|fraud_Hills, Mosciski and Yundt
utilities|fraud_Mueller Group
utilities|fraud_Parker-Conn
utilities|fraud_Fadel, Green and Tillman
entertainment|fraud_Cruickshank-Mills
entertainment|fraud_Nienow PLC
entertainment|fraud_Grimes LLC
entertainment|fraud_Kilback and Sons
entertainment|fraud_Abbott-Rogahn
entertainment|fraud_Wilkinson Ltd
entertainment|fraud_Larson-Moen
entertainment|fraud_Morissette LLC
entertainment|fraud_Lind-Buckridge
entertainment|fraud_Nicolas, Hills and McGlynn
entertainment|fraud_Turcotte, McKenzie and Koss
entertainment|fraud_Johns Inc
entertainment|fraud_Larkin, Stracke and Greenfelder
entertainment|fraud_Upton PLC
entertainment|fraud_Douglas-White
entertainment|fraud_Gibson-Deckow
entertainment|fraud_Bins-Tillman
entertainment|fraud_Effertz, Welch and Schowalter
entertainment|fraud_Bauch-Blanda
entertainment|fraud_Parker, Nolan and Trantow
entertainment|fraud_Abshire PLC
entertainment|fraud_Donnelly LLC
entertainment|fraud_Dare-Marvin
entertainment|fraud_Thiel-Thiel
entertainment|fraud_Goldner-Lemke
entertainment|fraud_Schroeder, Hauck and Treutel
entertainment|fraud_Dibbert-Green
entertainment|fraud_Heaney-Marquardt
entertainment|fraud_Cormier, Stracke and Thiel
entertainment|fraud_Brown-Greenholt
entertainment|fraud_Hoppe, Harris and Bednar
entertainment|fraud_Effertz LLC
entertainment|fraud_Frami Group
entertainment|fraud_Cummerata-Hilpert
entertainment|fraud_Kling-Ernser
entertainment|fraud_Beier LLC
entertainment|fraud_Reichel Inc
entertainment|fraud_Spencer PLC
entertainment|fraud_Runolfsdottir, Mueller and Hand
entertainment|fraud_Schaefer, Fay and Hilll
entertainment|fraud_Stark-Batz
entertainment|fraud_Padberg-Rogahn
entertainment|fraud_Johns-Hoeger
entertainment|fraud_Welch, Rath and Koepp
entertainment|fraud_Fadel, Mertz and Rippin
entertainment|fraud_Howe PLC
entertainment|fraud_Schuppe LLC
entertainment|fraud_Dibbert and Sons
entertainment|fraud_Kassulke Inc
entertainment|fraud_Klein Group
food_dining|fraud_Schuppe-Schuppe
food_dining|fraud_McKenzie-Huels
food_dining|fraud_Bahringer, Osinski and Block
food_dining|fraud_Konopelski, Schneider and Hartmann
food_dining|fraud_Schumm, McLaughlin and Carter
food_dining|fraud_Koss, McLaughlin and Mayer
food_dining|fraud_Bechtelar-Rippin
food_dining|fraud_Stiedemann Ltd
food_dining|fraud_Feil, Hilpert and Koss
food_dining|fraud_Kihn-Schuster
food_dining|fraud_Powlowski-Weimann
food_dining|fraud_Hermiston, Russel and Price
food_dining|fraud_Graham, Hegmann and Hammes
food_dining|fraud_Haag-Blanda
food_dining|fraud_Will Ltd
food_dining|fraud_Kutch, Steuber and Gerhold
food_dining|fraud_Kilback LLC
food_dining|fraud_Ernser-Lynch
food_dining|fraud_Volkman PLC
food_dining|fraud_Kilback Group
food_dining|fraud_Harris Group
food_dining|fraud_Lesch, D'Amore and Brown
food_dining|fraud_Schulist Ltd
food_dining|fraud_O'Hara-Wilderman
food_dining|fraud_Jast and Sons
food_dining|fraud_Abernathy and Sons
food_dining|fraud_Hagenes, Kohler and Hoppe
food_dining|fraud_Turner, Ziemann and Lehner
food_dining|fraud_Conroy-Emard
food_dining|fraud_Jakubowski Group
food_dining|fraud_Deckow-Dare
food_dining|fraud_Kuphal-Toy
food_dining|fraud_Kihn-Fritsch
food_dining|fraud_Armstrong, Walter and Gottlieb
food_dining|fraud_Kuhn Group
food_dining|fraud_Zboncak Ltd
food_dining|fraud_Bernhard-Lesch
food_dining|fraud_Langosh, Wintheiser and Hyatt
food_dining|fraud_Runte-Mohr
food_dining|fraud_Connelly PLC
food_dining|fraud_Lakin, Ferry and Beatty
food_dining|fraud_Weber and Sons
food_dining|fraud_O'Keefe-Wisoky
food_dining|fraud_Zboncak LLC
food_dining|fraud_Leannon-Ward
food_dining|fraud_Schneider, Hayes and Nikolaus
food_dining|fraud_Daugherty-Thompson
food_dining|fraud_Bahringer-Streich
food_dining|fraud_McCullough, Hudson and Schuster
food_dining|fraud_Reinger, Weissnat and Strosin
health_fitness|fraud_Dare, Fritsch and Zboncak
health_fitness|fraud_Schroeder Group
health_fitness|fraud_Feil-Morar
health_fitness|fraud_Roob-Okuneva
health_fitness|fraud_Dietrich-Fadel
health_fitness|fraud_Schumm PLC
health_fitness|fraud_Runte, Green and Emard
health_fitness|fraud_Turcotte, Batz and Buckridge
health_fitness|fraud_Fadel-Hilpert
health_fitness|fraud_Klocko, Runolfsdottir and Breitenberg
health_fitness|fraud_Brown, Homenick and Lesch
health_fitness|fraud_Ledner, Hartmann and Feest
health_fitness|fraud_Kulas Group
health_fitness|fraud_Fritsch and Sons
health_fitness|fraud_Friesen Ltd
health_fitness|fraud_Torphy-Kertzmann
health_fitness|fraud_Conroy, Balistreri and Gorczany
health_fitness|fraud_Kertzmann LLC
health_fitness|fraud_Shields-Wunsch
health_fitness|fraud_Ziemann-Waters
health_fitness|fraud_Hintz, Bauch and Smith
health_fitness|fraud_Rippin-VonRueden
health_fitness|fraud_Torp, Muller and Borer
health_fitness|fraud_Jacobi Inc
health_fitness|fraud_Adams-Barrows
health_fitness|fraud_Cronin, Kshlerin and Weber
health_fitness|fraud_Cormier LLC
health_fitness|fraud_Graham and Sons
health_fitness|fraud_Bahringer Group
health_fitness|fraud_Hamill-D'Amore
health_fitness|fraud_Romaguera Ltd
health_fitness|fraud_Haley, Batz and Auer
health_fitness|fraud_Heller PLC
health_fitness|fraud_Thompson-Gleason
health_fitness|fraud_Fadel Inc
health_fitness|fraud_Kub-Heaney
health_fitness|fraud_Hills, Hegmann and Schaefer
health_fitness|fraud_Hermiston, Pacocha and Smith
health_fitness|fraud_Waters-Cruickshank
health_fitness|fraud_Mueller, Gerhold and Mueller
health_fitness|fraud_Hyatt, Russel and Gleichner
health_fitness|fraud_Greenholt Ltd
health_fitness|fraud_Dare-Gibson
health_fitness|fraud_Hirthe-Beier
health_fitness|fraud_Ratke and Sons
health_fitness|fraud_Carroll PLC
health_fitness|fraud_Erdman-Durgan
health_fitness|fraud_Swaniawski, Nitzsche and Welch
health_fitness|fraud_Mante, Luettgen and Hackett
health_fitness|fraud_Reilly and Sons
home|fraud_Botsford PLC
home|fraud_Renner Ltd
home|fraud_Ernser-Feest
home|fraud_Eichmann-Kilback
home|fraud_Kutch-Wilderman
home|fraud_O'Connell, Botsford and Hand
home|fraud_Hettinger, McCullough and Fay
home|fraud_Wuckert-Goldner
home|fraud_Moore, Williamson and Emmerich
home|fraud_O'Connell-Ullrich
home|fraud_Cole, Hills and Jewess
home|fraud_O'Reilly, Mohr and Purdy
home|fraud_Champlin and Sons
home|fraud_Gulgowski LLC
home|fraud_Schiller, Blanda and Johnson
home|fraud_Wuckert, Wintheiser and Friesen
home|fraud_Denesik, Powlowski and Pouros
home|fraud_Reilly LLC
home|fraud_Durgan, Gislason and Spencer
home|fraud_Champlin-Casper
home|fraud_Stark-Koss
home|fraud_Crist, Jakubowski and Littel
home|fraud_Windler, Goodwin and Kovacek
home|fraud_Witting, Beer and Ernser
home|fraud_Schmidt-Larkin
home|fraud_Koss, Hansen and Lueilwitz
home|fraud_Terry Ltd
home|fraud_Skiles LLC
home|fraud_Bahringer, Bergnaum and Quitzon
home|fraud_White and Sons
home|fraud_Beier and Sons
home|fraud_Gutmann, McLaughlin and Wiza
home|fraud_Lynch-Wisozk
home|fraud_Kutch-Ferry
home|fraud_Botsford and Sons
home|fraud_Padberg-Sauer
home|fraud_Altenwerth-Kilback
home|fraud_Kling, Howe and Schneider
home|fraud_Collier LLC
home|fraud_Pollich LLC
home|fraud_Quitzon-Goyette
home|fraud_Prosacco, Kreiger and Kovacek
home|fraud_Medhurst Inc
home|fraud_Gaylord-Powlowski
home|fraud_Jakubowski Inc
home|fraud_Berge-Ullrich
home|fraud_Connelly-Carter
home|fraud_Gerhold LLC
home|fraud_Streich Ltd
home|fraud_McDermott, Osinski and Morar
kids_pets|fraud_Yost, Schamberger and Windler
kids_pets|fraud_Gottlieb Group
kids_pets|fraud_Schaefer Ltd
kids_pets|fraud_Little Ltd
kids_pets|fraud_Bode-Schuster
kids_pets|fraud_Brown Inc
kids_pets|fraud_Goyette-Gerhold
kids_pets|fraud_Hauck, Dietrich and Funk
kids_pets|fraud_Weimann-Lockman
kids_pets|fraud_Windler LLC
kids_pets|fraud_Breitenberg-Hermiston
kids_pets|fraud_Lowe, Dietrich and Erdman
kids_pets|fraud_Gleason and Sons
kids_pets|fraud_Lubowitz-Walter
kids_pets|fraud_Barton LLC
kids_pets|fraud_Metz, Russel and Metz
kids_pets|fraud_Cartwright PLC
kids_pets|fraud_Weber, Thiel and Hammes
kids_pets|fraud_Ullrich Ltd
kids_pets|fraud_Pacocha-Weissnat
kids_pets|fraud_Pouros, Walker and Spencer
kids_pets|fraud_Bode-Rempel
kids_pets|fraud_Hoppe-Parisian
kids_pets|fraud_Crona and Sons
kids_pets|fraud_Ruecker-Mayert
kids_pets|fraud_Hammes-Beatty
kids_pets|fraud_Schoen-Quigley
kids_pets|fraud_Lang, Towne and Schuppe
kids_pets|fraud_Schoen Ltd
kids_pets|fraud_Waelchi-Wolf
kids_pets|fraud_Bernier and Sons
kids_pets|fraud_Bogisich-Weimann
kids_pets|fraud_Roberts, Daniel and Macejkovic
kids_pets|fraud_Schimmel-Olson
kids_pets|fraud_Waelchi Inc
kids_pets|fraud_Fahey Inc
kids_pets|fraud_Streich, Rolfson and Wilderman
kids_pets|fraud_Berge-Hills
kids_pets|fraud_Larkin Ltd
kids_pets|fraud_Wilkinson PLC
kids_pets|fraud_Rau-Grant
kids_pets|fraud_Hilpert-Conroy
kids_pets|fraud_Beer-Jast
kids_pets|fraud_Swift PLC
kids_pets|fraud_Romaguera, Wehner and Tromp
kids_pets|fraud_Rau-Robel
kids_pets|fraud_Dare, Casper and Bartoletti
kids_pets|fraud_Nolan-Williamson
kids_pets|fraud_Bednar PLC
kids_pets|fraud_Daugherty LLC
personal_care|fraud_Schiller Ltd
personal_care|fraud_Leffler-Goldner
personal_care|fraud_Erdman-Schaden
personal_care|fraud_Abbott-Steuber
personal_care|fraud_Emmerich-Rau
personal_care|fraud_Wilkinson LLC
personal_care|fraud_Osinski Inc
personal_care|fraud_Nienow, Barrows and Romaguera
personal_care|fraud_Homenick LLC
personal_care|fraud_Berge, Kautzer and Harris
personal_care|fraud_Zemlak, Tillman and Cremin
personal_care|fraud_Bradtke, Torp and Bahringer
personal_care|fraud_Prosacco LLC
personal_care|fraud_Kub PLC
personal_care|fraud_Nader-Maggio
personal_care|fraud_Auer LLC
personal_care|fraud_Parker-Kunde
personal_care|fraud_Rolfson-Kunde
personal_care|fraud_Roberts, Ryan and Smith
personal_care|fraud_Crooks and Sons
personal_care|fraud_Baumbach Ltd
personal_care|fraud_Bartoletti and Sons
personal_care|fraud_Marvin-Lind
personal_care|fraud_Shanahan-Lehner
personal_care|fraud_Dickinson Ltd
personal_care|fraud_Schmeler-Howe
personal_care|fraud_Langworth LLC
personal_care|fraud_Morissette-Schaefer
personal_care|fraud_Zulauf LLC
personal_care|fraud_Gottlieb-Hansen
personal_care|fraud_Becker, Harris and Harvey
personal_care|fraud_Kirlin and Sons
personal_care|fraud_Schoen, Nienow and Bauch
personal_care|fraud_Friesen-Ortiz
personal_care|fraud_Walter, Hettinger and Kessler
personal_care|fraud_Labadie LLC
personal_care|fraud_Hills-Boyer
personal_care|fraud_Watsica LLC
personal_care|fraud_Monahan-Morar
personal_care|fraud_Yost-Rogahn
personal_care|fraud_Kihn, Brakus and Goyette
personal_care|fraud_Erdman-Ebert
personal_care|fraud_Sporer-Keebler
personal_care|fraud_Reichel LLC
personal_care|fraud_Hahn, Bahringer and McLaughlin
personal_care|fraud_Medhurst, Cartwright and Ebert
personal_care|fraud_Kozey-Kuhlman
personal_care|fraud_Bins-Howell
personal_care|fraud_Kautzer and Sons
personal_care|fraud_Lubowitz, Terry and Stracke
travel|fraud_Larson, Quitzon and Spencer
travel|fraud_Kovacek Ltd
travel|fraud_Satterfield-Lowe
travel|fraud_Kozey-McDermott
travel|fraud_Corwin-Romaguera
travel|fraud_Hagenes, Hermann and Stroman
travel|fraud_Breitenberg LLC
travel|fraud_McLaughlin, Armstrong and Koepp
travel|fraud_Ritchie, Oberbrunner and Cremin
travel|fraud_Leannon-Nikolaus
travel|fraud_Ritchie, Bradtke and Stiedemann
travel|fraud_Hodkiewicz, Prohaska and Paucek
travel|fraud_Ebert-Daugherty
travel|fraud_Kunze, Larkin and Mayert
travel|fraud_Thiel Ltd
travel|fraud_Mosciski Group
travel|fraud_Lynch-Mohr
travel|fraud_Kris-Kertzmann
travel|fraud_Tillman LLC
travel|fraud_Turner LLC
travel|fraud_Lemke and Sons
travel|fraud_Eichmann, Hayes and Treutel
travel|fraud_Hyatt-Blick
travel|fraud_Hahn, Douglas and Schowalter
travel|fraud_Fritsch LLC
travel|fraud_Reichert-Weissnat
travel|fraud_Veum-Koelpin
travel|fraud_Jerde-Hermann
travel|fraud_Romaguera and Sons
travel|fraud_Bednar Inc
travel|fraud_Ankunding-Carroll
travel|fraud_Johnston-Casper
travel|fraud_Boyer-Haley
travel|fraud_Gislason Group
travel|fraud_Reichel, Bradtke and Blanda
travel|fraud_Little-Gleichner
travel|fraud_Tromp Group
travel|fraud_Monahan, Hermann and Johns
travel|fraud_Treutel-King
travel|fraud_Kessler Group
travel|fraud_Champlin, Rolfson and Connelly
travel|fraud_Schroeder, Wolff and Hermiston
travel|fraud_Kilback, Nitzsche and Leffler
travel|fraud_Medhurst, Labadie and Gottlieb
travel|fraud_Hartmann, Rowe and Hermann
travel|fraud_Hackett Group
travel|fraud_Block-Hauck
travel|fraud_Kessler Inc
travel|fraud_Goyette-Herzog
travel|fraud_Douglas, DuBuque and McKenzie